transaction_id,verification_hash,timestamp
TXN-S0s,1kjVSLL9Wd,2025-12-09T14:08:47.707014
TXN-eLW,1kjVSLQ8GN,2025-12-09T11:44:47.707014
TXN-Rfk,1kjVSLKw4R,2025-12-09T14:30:47.707014
TXN-87R,1kjVSLDjf8,2025-12-09T14:36:47.707014
TXN-fZA,HvVD1UmaB,2025-12-09T15:44:47.707014
TXN-6Zl,1kjVSLDDu0,2025-12-09T20:54:47.707014
TXN-CdS,1kjVSLGoCJ,2025-12-09T15:24:47.707014
TXN-dTR,1kjVSLPrkI,2025-12-09T12:54:47.707014
TXN-QKm,1kjVSLKdDx,2025-12-09T13:58:47.707014
TXN-zmM,1kjVSLVwU9,2025-12-09T13:04:47.707014
TXN-QNu,1kjVSLKdQT,2025-12-09T17:18:47.707014
TXN-LSQ,1kjVSLJGVN,2025-12-09T18:12:47.707014
TXN-aPb,5mwWA4NPh,2025-12-09T16:54:47.707014
TXN-i9A,mBTnKBk8T,2025-12-09T19:06:47.707014
TXN-KTG,1kjVSLIzWJ,2025-12-09T11:50:47.707014
TXN-i0D,1kjVSLRCaa,2025-12-09T18:32:47.707014
TXN-Hmb,1kjVSLIC2s,2025-12-09T18:08:47.707014
TXN-JQi,1kjVSLIiHR,2025-12-09T11:12:47.707014
TXN-dVi,1kjVSLPrsv,2025-12-09T14:20:47.707014
TXN-H60,9NeXm922h,2025-12-09T14:26:47.707014
TXN-oaZ,TXYfhla5x,2025-12-09T19:32:47.707014
TXN-AOG,1kjVSLGEhL,2025-12-09T12:40:47.707014
TXN-bhr,1kjVSLPKzK,2025-12-09T17:26:47.707014
TXN-bL5,1kjVSLPJ6j,2025-12-09T18:16:47.707014
TXN-eRL,1kjVSLQ8ey,2025-12-09T15:50:47.707014
TXN-KL7,1kjVSLIyz1,2025-12-09T12:32:47.707014
TXN-TEr,1kjVSLLRyM,2025-12-09T15:22:47.707014
TXN-qm3,1kjVSLTT2R,2025-12-09T13:32:47.707014
TXN-26R,1kjVSLC5Io,2025-12-09T20:04:47.707014
TXN-t3E,1kjVSLUEKL,2025-12-09T14:04:47.707014
TXN-V6R,1kjVSLLz3y,2025-12-09T12:20:47.707014
TXN-4ZP,FHmoJOyVy,2025-12-09T18:22:47.707014
TXN-CT8,1kjVSLGn7o,2025-12-09T13:06:47.707014
TXN-RnC,VB5Q1BLtP,2025-12-09T11:38:47.707014
TXN-KKW,1kjVSLIyvP,2025-12-09T11:06:47.707014
TXN-o3H,1kjVSLSr5E,2025-12-09T18:18:47.707014
TXN-96k,E78UcyG4T,2025-12-09T14:28:47.707014
TXN-Bz4,TGwiLmt4S,2025-12-09T18:56:47.707014
TXN-WVE,1kjVSLMIEv,2025-12-09T18:04:47.707014
TXN-AS8,bMVd9nOb7,2025-12-09T16:40:47.707014
TXN-F8r,1kjVSLHaQE,2025-12-09T16:32:47.707014
TXN-3cH,gS56cm1Fv,2025-12-09T15:14:47.707014
TXN-T9T,1kjVSLLRAK,2025-12-09T20:58:47.707014
TXN-yVV,1kjVSLVduI,2025-12-09T16:02:47.707014
TXN-zci,atiRxfwyB,2025-12-09T11:46:47.707014
TXN-qPE,1kjVSLTR6z,2025-12-09T18:58:47.707014
TXN-8Nv,1kjVSLDlCg,2025-12-09T18:00:47.707014
TXN-jR8,1kjVSLRVto,2025-12-09T19:00:47.707014
TXN-ToD,1kjVSLLUl2,2025-12-09T12:08:47.707014
TXN-c73,5g4UHzoHp,2025-12-09T11:28:47.707014
TXN-v4H,rxb4J5M8X,2025-12-09T14:12:47.707014
TXN-9Wp,Sw0rdf1sh,2025-12-09T19:10:47.707014
TXN-UIB,1kjVSLLjH8,2025-12-09T14:38:47.707014
TXN-VMI,1kjVSLM0an,2025-12-09T12:30:47.707014
TXN-jup,1kjVSLRYFE,2025-12-09T15:02:47.707014
TXN-Aog,HyTIUbEFi,2025-12-09T14:50:47.707014
TXN-KhS,whZidjcEh,2025-12-09T12:58:47.707014
TXN-u15,1kjVSLUVEr,2025-12-09T16:06:47.707014
TXN-SVi,1kjVSLLC3N,2025-12-09T20:00:47.707014
TXN-O0O,1kjVSLK3Jv,2025-12-09T14:24:47.707014
TXN-oTg,1kjVSLStHz,2025-12-09T20:50:47.707014
TXN-EjG,1kjVSLHMgx,2025-12-09T13:44:47.707014
TXN-fOM,1kjVSLQPVd,2025-12-09T19:36:47.707014
TXN-umF,3BTYCJZQ1,2025-12-09T15:42:47.707014
TXN-E8N,v3Msrj34S,2025-12-09T20:20:47.707014
TXN-4Iy,1kjVSLCefx,2025-12-09T11:10:47.707014
TXN-Aid,1kjVSLGGRA,2025-12-09T14:22:47.707014
TXN-HT3,1kjVSLIAMt,2025-12-09T18:40:47.707014
TXN-4Ie,1kjVSLCefd,2025-12-09T12:22:47.707014
TXN-sFz,1kjVSLTyYc,2025-12-09T17:48:47.707014
TXN-IE3,811yev2YQ,2025-12-09T11:18:47.707014
TXN-4Gc,1kjVSLCeXL,2025-12-09T17:54:47.707014
TXN-IcD,1kjVSLISQ8,2025-12-09T14:44:47.707014
TXN-Fk1,1kjVSLHdnl,2025-12-09T16:30:47.707014
TXN-2We,rqWkZN5ug,2025-12-09T18:20:47.707014
TXN-06m,15c1iFLr4,2025-12-09T11:16:47.707014
TXN-bJ1,1kjVSLPIyP,2025-12-09T13:02:47.707014
TXN-Adl,5oDtpqJnb,2025-12-09T12:52:47.707014
TXN-WTx,1kjVSLMI7U,2025-12-09T19:20:47.707014
TXN-vqS,1kjVSLUqYd,2025-12-09T17:10:47.707014
TXN-MML,sjC3C3PJB,2025-12-09T16:46:47.707014
TXN-Ivj,X5IkNULuE,2025-12-09T11:54:47.707014
TXN-yzW,4dvzGI8vg,2025-12-09T20:48:47.707014
TXN-hfz,ztvzDx6EL,2025-12-09T18:14:47.707014
TXN-cLo,1kjVSLPaAh,2025-12-09T18:24:47.707014
TXN-cy7,1kjVSLPd9b,2025-12-09T15:20:47.707014
TXN-AUf,fEHMSS24d,2025-12-09T18:38:47.707014
TXN-vsw,oFb5hlHHe,2025-12-09T17:32:47.707014
TXN-6Ra,1kjVSLDDMn,2025-12-09T15:54:47.707014
TXN-3gu,LbFtoFDUv,2025-12-09T19:22:47.707014
TXN-plp,1kjVSLTBwG,2025-12-09T16:38:47.707014
TXN-a2U,JGBL6ZQGd,2025-12-09T15:52:47.707014
TXN-s7x,1kjVSLTxYe,2025-12-09T15:38:47.707014
TXN-wQN,1kjVSLV5TS,2025-12-09T14:52:47.707014
TXN-QFW,1kjVSLKcsx,2025-12-09T17:58:47.707014
TXN-TEG,1kjVSLLRxf,2025-12-09T15:04:47.707014
TXN-yod,b89VP0P9Y,2025-12-09T20:14:47.707014
TXN-gPo,1kjVSLQgdL,2025-12-09T17:24:47.707014
TXN-asx,1kjVSLP4fo,2025-12-09T17:42:47.707014
TXN-jYL,hsxsVHJMr,2025-12-09T20:44:47.707014
TXN-yUv,6ijUicJmG,2025-12-09T12:24:47.707014
TXN-nMM,1kjVSLSbld,2025-12-09T16:36:47.707014
TXN-OEa,jMqXZrIXe,2025-12-09T13:46:47.707014
TXN-PU6,yfizco3Ks,2025-12-09T17:22:47.707014
TXN-vGR,1kjVSLUnlC,2025-12-09T11:36:47.707014
TXN-vZ5,1kjVSLUp1B,2025-12-09T17:12:47.707014
TXN-wDx,s6cMLKlsR,2025-12-09T17:52:47.707014
TXN-HE2,ihebQ4nRV,2025-12-09T16:42:47.707014
TXN-3Gt,uBe7iiQ6v,2025-12-09T15:34:47.707014
TXN-VYC,1kjVSLM1OF,2025-12-09T19:38:47.707014
TXN-jVg,1kjVSLRWB5,2025-12-09T11:40:47.707014
TXN-sfm,1kjVSLU0gX,2025-12-09T15:16:47.707014
TXN-QxD,D3TzF34Hb,2025-12-09T13:56:47.707014
TXN-fT3,1kjVSLQPpr,2025-12-09T16:16:47.707014
TXN-4tB,wIkUtX1sD,2025-12-09T13:12:47.707014
TXN-JUD,1kjVSLIiXM,2025-12-09T18:46:47.707014
TXN-jOT,aTSDVc3PD,2025-12-09T13:00:47.707014
TXN-t1t,MBSIc7C73,2025-12-09T13:16:47.707014
TXN-poa,uQe7HSWPO,2025-12-09T13:48:47.707014
TXN-FbS,1kjVSLHdD9,2025-12-09T13:26:47.707014
TXN-yVi,LSc1o7lwD,2025-12-09T13:08:47.707014
TXN-CQb,1kjVSLGmw6,2025-12-09T11:26:47.707014
TXN-KSi,HnqXeIxrH,2025-12-09T11:52:47.707014
TXN-XjN,GqRDhYlRu,2025-12-09T13:36:47.707014
TXN-gMc,1kjVSLQgQl,2025-12-09T13:20:47.707014
TXN-WG9,9tOJP9Ch7,2025-12-09T20:36:47.707014
TXN-Efg,S2otIVIyw,2025-12-09T21:00:47.707014
TXN-EqJ,1kjVSLHN9u,2025-12-09T19:30:47.707014
TXN-NLb,1kjVSLJo8o,2025-12-09T14:42:47.707014
TXN-gXQ,1kjVSLQh9t,2025-12-09T14:40:47.707014
TXN-kKC,1kjVSLRmU7,2025-12-09T12:34:47.707014
TXN-1xE,1kjVSLBse5,2025-12-09T17:14:47.707014
TXN-OBg,1kjVSLK4Wd,2025-12-09T12:48:47.707014
TXN-Nbr,Njuo7Ltlg,2025-12-09T19:48:47.707014
TXN-WI4,b48uUMUZP,2025-12-09T19:52:47.707014
TXN-LE5,1kjVSLJFZ7,2025-12-09T20:42:47.707014
TXN-tTU,1kjVSLUGWr,2025-12-09T20:30:47.707014
TXN-xMv,LOcHYaG43,2025-12-09T12:56:47.707014
TXN-4Fo,wjtkdvk9y,2025-12-09T20:12:47.707014
TXN-E5Q,WN9fLnBBv,2025-12-09T15:46:47.707014
TXN-gk0,1kjVSLQiPo,2025-12-09T12:02:47.707014
TXN-xIO,376c4Q5OJ,2025-12-09T18:50:47.707014
TXN-pWH,1kjVSLTAWu,2025-12-09T14:00:47.707014
TXN-373,flIHq6n7a,2025-12-09T17:34:47.707014
TXN-rQY,1kjVSLTiET,2025-12-09T16:26:47.707014
TXN-tLx,3aavMLXJ6,2025-12-09T19:42:47.707014
TXN-Xag,1kjVSLMa1v,2025-12-09T14:34:47.707014
TXN-m8x,1kjVSLSJKa,2025-12-09T14:32:47.707014
TXN-u4v,1kjVSLUVSI,2025-12-09T19:24:47.707014
TXN-WDL,1kjVSLMH2i,2025-12-09T19:26:47.707014
TXN-mcn,LcK6i4gGD,2025-12-09T20:10:47.707014
TXN-fEs,1kjVSLQOqx,2025-12-09T18:34:47.707014
TXN-rt6,JxaEOIu4J,2025-12-09T11:24:47.707014
TXN-97i,1kjVSLE0iX,2025-12-09T12:16:47.707014
TXN-Gxm,1kjVSLHvjR,2025-12-09T14:14:47.707014
TXN-OKx,zGRtHQH3z,2025-12-09T11:34:47.707014
TXN-gm5,iUxJoVSUw,2025-12-09T11:32:47.707014
TXN-tUc,1kjVSLUGbD,2025-12-09T15:32:47.707014
TXN-d5c,1kjVSLPpgZ,2025-12-09T13:28:47.707014
TXN-fqs,Tpcri5Bru,2025-12-09T18:48:47.707014
TXN-arb,9Ma8nyYPL,2025-12-09T16:04:47.707014
TXN-9HZ,Rp0VYY6hr,2025-12-09T17:04:47.707014
TXN-7FU,E5BaRuXcP,2025-12-09T18:30:47.707014
TXN-plt,6036YQve7,2025-12-09T11:08:47.707014
TXN-91p,1kjVSLE0Js,2025-12-09T20:28:47.707014
TXN-uW3,1kjVSLUXlj,2025-12-09T17:38:47.707014
TXN-jH8,EXAtIcUBm,2025-12-09T14:06:47.707014
TXN-Bw5,1kjVSLGYPF,2025-12-09T19:44:47.707014
TXN-I1H,1kjVSLIP5k,2025-12-09T17:06:47.707014
TXN-asa,cS1rFo6Vu,2025-12-09T11:48:47.707014
TXN-msV,RVwBNfT48,2025-12-09T11:20:47.707014
TXN-NT8,1kjVSLJofA,2025-12-09T17:46:47.707014
TXN-BU5,GpynJVJXT,2025-12-09T14:46:47.707014
TXN-fFc,DEKOH9PJV,2025-12-09T19:08:47.707014
TXN-q53,1kjVSLTPJD,2025-12-09T12:38:47.707014
TXN-VVE,sOjHGBlpN,2025-12-09T21:02:47.707014
TXN-miB,FmBE7UxxK,2025-12-09T19:40:47.707014
TXN-EeX,1kjVSLHMMa,2025-12-09T14:58:47.707014
TXN-wl2,1kjVSLV7GU,2025-12-09T14:10:47.707014
TXN-VM2,1kjVSLM0aQ,2025-12-09T18:28:47.707014
TXN-3Q6,1kjVSLCO8s,2025-12-09T20:06:47.707014
TXN-2FH,yCbSwk83y,2025-12-09T17:28:47.707014
TXN-2wL,1kjVSLC9d6,2025-12-09T15:00:47.707014
TXN-4Rr,1kjVSLCfH0,2025-12-09T15:58:47.707014
TXN-uC4,1kjVSLUWRA,2025-12-09T20:40:47.707014
TXN-Q4Z,1kjVSLKbgg,2025-12-09T19:34:47.707014
TXN-L68,YQ68NiOcX,2025-12-09T16:00:47.707014
TXN-QXj,1kjVSLKe5a,2025-12-09T15:40:47.707014
TXN-E4i,1kjVSLHJ6X,2025-12-09T14:18:47.707014
TXN-amG,1kjVSLP4GF,2025-12-09T16:58:47.707014
TXN-l15,m2WLq97Ch,2025-12-09T16:50:47.707014
TXN-bPn,1kjVSLPJOA,2025-12-09T15:06:47.707014
TXN-UlJ,1kjVSLLlbm,2025-12-09T17:40:47.707014
TXN-7Ud,1kjVSLDUcG,2025-12-09T12:14:47.707014
TXN-Iey,RPC5VJgRQ,2025-12-09T12:26:47.707014
TXN-h88,E4xsxVbaz,2025-12-09T14:56:47.707014
TXN-a0n,LH7hiSOAs,2025-12-09T18:42:47.707014
TXN-Qr9,1kjVSLKfo9,2025-12-09T16:52:47.707014
TXN-0MW,1kjVSLBYjn,2025-12-09T15:18:47.707014
TXN-T4a,1kjVSLLQpt,2025-12-09T13:22:47.707014
TXN-A5L,1kjVSLGCy4,2025-12-09T13:38:47.707014
TXN-vpZ,A1idqAfkm,2025-12-09T20:26:47.707014
TXN-prF,1kjVSLTCKM,2025-12-09T20:56:47.707014
TXN-zt4,1kjVSLVwwe,2025-12-09T17:20:47.707014
TXN-qT2,1kjVSLTRNC,2025-12-09T16:20:47.707014
TXN-bVE,1kjVSLPJmH,2025-12-09T18:54:47.707014
TXN-Eg6,iRRUZnBee,2025-12-09T15:12:47.707014
TXN-cnt,1kjVSLPcRA,2025-12-09T17:30:47.707014
TXN-Eph,1kjVSLHN6G,2025-12-09T14:54:47.707014
TXN-qzX,1kjVSLTTui,2025-12-09T12:00:47.707014
TXN-WEs,vE65DJjSB,2025-12-09T12:06:47.707014
TXN-q71,1kjVSLTPRR,2025-12-09T16:56:47.707014
TXN-Tn7,1kjVSLLUgh,2025-12-09T17:08:47.707014
TXN-1Vl,XhXkxmUpF,2025-12-09T16:18:47.707014
TXN-Xu2,1kjVSLMbLe,2025-12-09T16:22:47.707014
TXN-ttm,1kjVSLUIfN,2025-12-09T12:42:47.707014
TXN-orS,Qkm8gN8SP,2025-12-09T15:10:47.707014
TXN-qn6,1kjVSLTT6c,2025-12-09T15:30:47.707014
TXN-wLa,1kjVSLV597,2025-12-09T19:12:47.707014
TXN-em6,1kjVSLQAS6,2025-12-09T19:58:47.707014
TXN-Uks,1kjVSLLlYJ,2025-12-09T20:22:47.707014
TXN-BzA,1kjVSLGYbp,2025-12-09T16:10:47.707014
TXN-sIp,1kjVSLTykq,2025-12-09T13:24:47.707014
TXN-c7y,1kjVSLPYm9,2025-12-09T11:30:47.707014
TXN-rje,1kjVSLTjtt,2025-12-09T18:36:47.707014
TXN-OS3,0o7dJ0buR,2025-12-09T18:52:47.707014
TXN-yNH,1kjVSLVdN2,2025-12-09T16:24:47.707014
TXN-87L,1kjVSLDjf2,2025-12-09T11:22:47.707014
TXN-wjf,1kjVSLV794,2025-12-09T13:30:47.707014
TXN-fju,1kjVSLQRJl,2025-12-09T12:46:47.707014
TXN-xsm,Jx7O4vmAY,2025-12-09T12:04:47.707014
TXN-Woi,1kjVSLMJuj,2025-12-09T20:46:47.707014
TXN-oC5,1kjVSLSs8z,2025-12-09T20:02:47.707014
TXN-M6b,1kjVSLJVcw,2025-12-09T19:16:47.707014
TXN-2eh,8vtDcnHlE,2025-12-09T16:34:47.707014
TXN-jig,1kjVSLRXRX,2025-12-09T19:02:47.707014
TXN-ayH,UjcZCRZZk,2025-12-09T15:26:47.707014
TXN-Chy,4RbOzZa9U,2025-12-09T13:10:47.707014
TXN-Lsu,AomwFUeFM,2025-12-09T12:44:47.707014
TXN-PaV,MwPE6q6Y2,2025-12-09T20:32:47.707014
TXN-NQe,1kjVSLJoTV,2025-12-09T13:34:47.707014
TXN-BzS,1kjVSLGYc7,2025-12-09T15:56:47.707014
TXN-M6A,Gm9qxShzz,2025-12-09T18:02:47.707014
TXN-FPU,Nnr9K0M9Z,2025-12-09T14:02:47.707014
TXN-r7s,1kjVSLTgVX,2025-12-09T11:56:47.707014
TXN-9aW,1kjVSLE3Vf,2025-12-09T20:52:47.707014
TXN-HQ1,1kjVSLIAAT,2025-12-09T19:04:47.707014
TXN-dTr,1kjVSLPrko,2025-12-09T14:16:47.707014
TXN-9FF,1kjVSLE1hu,2025-12-09T17:50:47.707014
TXN-S9i,1kjVSLLA7d,2025-12-09T19:46:47.707014
TXN-4BX,1kjVSLCeCW,2025-12-09T14:48:47.707014
TXN-bFW,ZNj1WVpYb,2025-12-09T17:00:47.707014
TXN-ZQP,1kjVSLN73Y,2025-12-09T18:26:47.707014
TXN-0SP,WHpIjxGCF,2025-12-09T11:42:47.707014
TXN-PdE,dChFmCfMt,2025-12-09T17:02:47.707014
TXN-sds,Vtq44qeQ8,2025-12-09T16:14:47.707014
TXN-fgL,1kjVSLQR6i,2025-12-09T19:18:47.707014
TXN-Zzq,1kjVSLN9nN,2025-12-09T15:48:47.707014
TXN-y1k,N4fmHv9He,2025-12-09T19:56:47.707014
TXN-ChO,1kjVSLGoSl,2025-12-09T12:50:47.707014
TXN-PI1,d3ItOthZS,2025-12-09T17:16:47.707014
TXN-hwV,2Qg5soYz4,2025-12-09T20:18:47.707014
TXN-POK,1kjVSLKMQt,2025-12-09T11:58:47.707014
TXN-2O4,mHTTdHFY9,2025-12-09T20:16:47.707014
TXN-aCr,1kjVSLP1TW,2025-12-09T20:34:47.707014
TXN-la6,1kjVSLS4zm,2025-12-09T15:36:47.707014
TXN-uo9,1kjVSLUZMv,2025-12-09T16:28:47.707014
TXN-DOi,1kjVSLH3qz,2025-12-09T13:18:47.707014
TXN-ZWl,kJpZXGJ0Y,2025-12-09T17:44:47.707014
TXN-FLp,1kjVSLHbkm,2025-12-09T19:28:47.707014
TXN-RfA,1kjVSLKw3l,2025-12-09T13:14:47.707014
TXN-jDK,459dKEY2q,2025-12-09T20:08:47.707014
TXN-GWn,1kjVSLHtXC,2025-12-09T13:40:47.707014
TXN-iU9,1kjVSLRF3B,2025-12-09T16:08:47.707014
TXN-tse,1kjVSLUIb7,2025-12-09T17:36:47.707014
TXN-gBf,aTM6hovhJ,2025-12-09T12:18:47.707014
TXN-rP5,1kjVSLTi9l,2025-12-09T15:28:47.707014
TXN-EZc,ASeNPyL90,2025-12-09T13:42:47.707014
TXN-pQ7,1kjVSLTA7r,2025-12-09T18:06:47.707014
TXN-GZt,ac7xAx4A4,2025-12-09T18:10:47.707014
TXN-EN9,1kjVSLHKp7,2025-12-09T19:54:47.707014
TXN-tjq,1kjVSLUI09,2025-12-09T12:36:47.707014
TXN-Y8L,1FhCnRioS,2025-12-09T19:50:47.707014
TXN-0C8,1kjVSLBY40,2025-12-09T19:14:47.707014
TXN-Pkg,1kjVSLKOIx,2025-12-09T12:12:47.707014
TXN-8xU,6IA4Ph6WY,2025-12-09T13:52:47.707014
TXN-Dpa,JzPZul4CD,2025-12-09T12:28:47.707014
TXN-Cf4,1kjVSLGoK4,2025-12-09T13:54:47.707014
TXN-pSz,1kjVSLTAHC,2025-12-09T13:50:47.707014
TXN-cap,1kjVSLPbZQ,2025-12-09T20:38:47.707014
TXN-5UE,1kjVSLCwVh,2025-12-09T16:12:47.707014
TXN-4Tc,1kjVSLCfP1,2025-12-09T17:56:47.707014
TXN-EQR,1kjVSLHL1u,2025-12-09T15:08:47.707014
TXN-EgT,Lytrca6bo,2025-12-09T11:14:47.707014
TXN-GwI,ZoC3qLkw4,2025-12-09T16:48:47.707014
TXN-cMa,1kjVSLPaEb,2025-12-09T18:44:47.707014
TXN-rvp,SSSlT8b92,2025-12-09T20:24:47.707014
TXN-IIc,1kjVSLIQhH,2025-12-09T11:04:47.707014
TXN-xPc,9APrPCCsg,2025-12-09T12:10:47.707014
TXN-sij,5fUow7p6P,2025-12-09T16:44:47.707014
